gauge,bc_lambda,station_name,state,lat,lon,major_climate_type
003303A,0,Barcoo River at Blackall (003303A),QLD,-24.43,145.46,Dry (B)
102101A,0.75,Pascoe River at Fall Creek (102101A),QLD,-12.880278,142.983056,Tropical (A)
104001A,0.606,Stewart River at Telegraph Road (104001A),QLD,-14.168611,143.393889,Tropical (A)
105101A,0.402,Normanby River at Battle Camp (105101A),QLD,-15.281389,144.838611,Tropical (A)
105102A,0.254,Laura River at Coalseam Creek (105102A),QLD,-15.613333,144.483611,Tropical (A)
105105A,0.40900000000000003,East Normanby River at Development Road (105105A),QLD,-15.771111,145.014167,Tropical (A)
107001B,0.687,Endeavour River at Flaggy (107001B),QLD,-15.423333,145.067222,Tropical (A)
108002A,0.164,Daintree River at Bairds (108002A),QLD,-16.179444,145.281944,Tropical (A)
108003A,0.659,Bloomfield River at China Camp (108003A),QLD,-15.988333,145.2875,Tropical (A)
111005A,0.656,Mulgrave River at The Fisheries (111005A),QLD,-17.1832,145.7248,Temperate (C)
111007A,0.669,Mulgrave River at Peets Br (111007A),QLD,-17.13,145.76,Temperate (C)
112002A,0.111,Fisher Creek at Nerada (112002A),QLD,-17.564167,145.9075,Temperate (C)
112101B,1.053,South Johnstone River at Upstream Central Mill (112101B),QLD,-17.6089,145.9791,Temperate (C)
112102A,0.842,Liverpool Creek at Upper Japoonvale (112102A),QLD,-17.715,145.905278,Temperate (C)
113004A,0.518,Cochable Creek at Powerline (113004A),QLD,-17.739722,145.63,Temperate (C)
114001A,0.293,Murray River at Upper Murray (114001A),QLD,-18.1069,145.8054,Temperate (C)
116006B,0.23800000000000002,Herbert River at Abergowrie (116006B),QLD,-18.492778,145.922222,Temperate (C)
116010A,0.356,Blencoe Creek at Blencoe Falls (116010A),QLD,-18.204444,145.537778,Temperate (C)
116011A,0.455,Millstream River at Ravenshoe (116011A),QLD,-17.605,145.4775,Temperate (C)
116012A,0.20400000000000001,Cameron Creek at 8.7KM (116012A),QLD,-18.065278,145.341944,Temperate (C)
116013A,0.389,Millstream river at Archer Creek (116013A),QLD,-17.651944,145.341111,Temperate (C)
116014A,0.31,Wild River at Silver Valley (116014A),QLD,-17.625,145.298889,Temperate (C)
116015A,0.685,Blunder Creek at Wooroora (116015A),QLD,-17.735278,145.438056,Temperate (C)
117002A,0.462,BlaCreek at Bruce HWY (117002A),QLD,-19.2377,146.6329,Tropical (A)
117003A,0.527,Bluewater Creek at Bluewater (117003A),QLD,-19.185,146.5461,Tropical (A)
118106A,0.332,Alligator Creek at Allendale (118106A),QLD,-19.39,146.96,Tropical (A)
119003A,0.37,Haughton River at Powerline (119003A),QLD,-19.63,147.11,Tropical (A)
120102A,0.531,Keelbottom Creek at Keelbottom (120102A),QLD,-19.3719,146.3589,Temperate (C)
120301B,0.029,Belyando River at Gregory Development Road (120301B),QLD,-21.53,146.86,Dry (B)
120304A,0.17200000000000001,Suttor River at Eaglefield (120304A),QLD,-21.45,147.71,Dry (B)
121001A,0.13,Don River at Ida Creek (121001A),QLD,-20.289444,148.116111,Temperate (C)
121002A,0.313,Elliot River at Guthalungra (121002A),QLD,-19.94,147.84,Tropical (A)
121003A,0.089,Don River at Reeves (121003A),QLD,-20.15,148.15,Temperate (C)
122004A,0.496,Gregory river at Lower Gregory (122004A),QLD,-20.3,148.547222,Tropical (A)
124002A,0.5,StHelens Creek at Calen (124002A),QLD,-20.9075,148.7586,Temperate (C)
125005A,0.374,BlaCreeks Creek at Whitefords (125005A),QLD,-21.3228,148.8351,Temperate (C)
126003A,0.5,Carmila Creek at Carmila (126003A),QLD,-21.915556,149.398611,Temperate (C)
129001A,0.402,Waterpark Creek at Byfield (129001A),QLD,-22.835,150.6653,Temperate (C)
130004A,0.039,Raglan Creek at Old Stn (130004A),QLD,-23.8191,150.8206,Temperate (C)
130302A,0.135,Dawson River at Taroom (130302A),QLD,-25.64,149.79,Dry (B)
130324A,0.034,Dawson River at Utopia Downs (130324A),QLD,-25.7447,149.3299,Dry (B)
130403A,0.482,Connors River at Mt Bridget (130403A),QLD,-22.0383,149.1286,Temperate (C)
130410A,0.153,Isaac River at Deverill (130410A),QLD,-22.1742,148.3811,Dry (B)
130413A,0.374,Denison Creek at Braeside (130413A),QLD,-21.7696,148.7869,Temperate (C)
132001A,0.41500000000000004,Calliope River at Castlehope (132001A),QLD,-23.99,151.1,Temperate (C)
135002A,0.314,Kolan River at Springfield (135002A),QLD,-24.7533,151.5872,Temperate (C)
135004A,0.211,Gin Gin Creek at Dam Site (135004A),QLD,-24.97,151.89,Temperate (C)
136006A,0.221,Reid Creek at Dam Site (136006A),QLD,-25.2731,151.5173,Temperate (C)
136202D,0.195,Barambah Creek at Litzows (136202D),QLD,-26.301111,152.044444,Temperate (C)
136203A,0.202,Barker Creek at Brooklands (136203A),QLD,-26.733889,151.820556,Temperate (C)
136208A,0.139,Boonara Creek at Ettiewyn (136208A),QLD,-25.902778,151.844167,Temperate (C)
136304A,0.021,Stuart River at Proston Rifle Range (136304A),QLD,-26.1816,151.5461,Temperate (C)
137101A,0.166,Gregory River at Burrum Highway (137101A),QLD,-25.086667,152.240833,Temperate (C)
137201A,0.231,Isis River at Bruce Highway (137201A),QLD,-25.266944,152.368611,Temperate (C)
138004B,0.049,Munna Creek at Marodian (138004B),QLD,-25.903611,152.349167,Temperate (C)
138009A,0.44,Tinana Creek at Tagigan Road (138009A),QLD,-26.078611,152.783889,Temperate (C)
138010A,0.123,Wide Bay Creek at Kilkivan (138010A),QLD,-26.079444,152.22,Temperate (C)
138110A,0.34600000000000003,Mary River at Bellbird Ck (138110A),QLD,-26.63,152.7,Temperate (C)
138113A,0.381,Kandanga Creek at Hygait (138113A),QLD,-26.39,152.644444,Temperate (C)
138903A,0.314,Tinana Creek at Bauple East (138903A),QLD,-25.82,152.72,Temperate (C)
140002A,0,Teewah Creek at Coops Coner Tm (140002A),QLD,-26.0572,153.0426,Temperate (C)
141008A,0.629,Eudlo Creek at Kiels Mountain (141008A),QLD,-26.66,153.02,Temperate (C)
143007A,0.11800000000000001,Brisbane River at Linville (143007A),QLD,-26.8061,152.2711,Temperate (C)
143009A,0.132,Brisbane River at Gregors Creek (143009A),QLD,-26.996389,152.408611,Temperate (C)
143107A,0.215,Bremer River at Walloon (143107A),QLD,-27.6,152.69,Temperate (C)
143110A,0.305,Bremer River at Adams Bridge (143110A),QLD,-27.8275,152.510833,Temperate (C)
143209B,0.229,Laidley Creek at Mulgowie2 (143209B),QLD,-27.7314,152.3633,Temperate (C)
143303A,0.454,Stanley River at Peachester (143303A),QLD,-26.838889000000002,152.840556,Temperate (C)
145010A,0.441,Running Creek at 5.8KM Deickmans Bridge (145010A),QLD,-28.246389,152.891111,Temperate (C)
145011A,0.223,Teviot Brook at Croftby (145011A),QLD,-28.147778,152.570833,Temperate (C)
145018A,0.24,Burnett Creek at Up Stream Maroon Dam (145018A),QLD,-28.219722,152.608333,Temperate (C)
145101D,0.369,Albert River at Lumeah Number 2 (145101D),QLD,-28.053056,153.045278,Temperate (C)
145102B,0.354,Albert River at Bromfleet (145102B),QLD,-27.91,153.11,Temperate (C)
145107A,0.434,Canungra Creek at Main Rd Bridge (145107A),QLD,-27.996667,153.158333,Temperate (C)
146010A,0.41600000000000004,Coomera River at Army Camp (146010A),QLD,-28.025833,153.193056,Temperate (C)
146012A,0.739,Currumbin Creek at Nicolls Bridge (146012A),QLD,-28.178333,153.424167,Temperate (C)
146014A,0.44,Back Creek at Beechmont (146014A),QLD,-28.123333,153.19,Temperate (C)
146095A,0.726,Tallebudgera Creek at Tallebudgera Ck Rd (146095A),QLD,-28.149444,153.403611,Temperate (C)
201001,0.604,Oxley River at Eungella (201001),NSW,-28.3553,153.292,Temperate (C)
203005,0.323,Richmond River at Wiangaree (203005),NSW,-28.5065,152.9658,Temperate (C)
203010,0.51,Leycester River at Rock Valley (203010),NSW,-28.7381,153.163,Temperate (C)
203030,0.33,Myrtle Creek at Rappville (203030),NSW,-29.1116,152.9984,Temperate (C)
204002,0.227,Clarence River at Tabulam (204002),NSW,-28.89,152.56,Temperate (C)
204007,0.054,Clarence River at Lilydale (Newbold Crossing (204007),NSW,-29.51,152.68,Temperate (C)
204014,0.081,Mann River at Mitchell (204014),NSW,-29.6947,152.1049,Temperate (C)
204017,0.373,Bielsdown Creek at Dorrigo No.2 & No.3 (204017),NSW,-30.3073,152.7135,Temperate (C)
204025,0.704,Orara River at Karangi (204025),NSW,-30.2544,153.0323,Temperate (C)
204030,0.036000000000000004,Aberfoyle River at Aberfoyle (204030),NSW,-30.2603,152.0083,Temperate (C)
204034,0,Henry River at Newton Boyd (204034),NSW,-29.763056,152.213333,Temperate (C)
204036,0.179,Cataract Creek at Sandy Hill(below Snake Cre (204036),NSW,-28.9341,152.2171,Temperate (C)
204037,0.248,Clouds Creek at Clouds Ck (204037),NSW,-30.0938,152.6282,Temperate (C)
204039,0.128,Maryland River at D/S Wylie Ck (204039),NSW,-28.468,152.1978,Temperate (C)
204041,0.383,Orara River at Bawden Br (204041),NSW,-29.7242,152.8092,Temperate (C)
204046,0.145,Timbarra River at Drake (204046),NSW,-29.0573,152.3849,Temperate (C)
204051,0.266,Clarence River at Paddys Flat (204051),NSW,-28.7211,152.4174,Temperate (C)
204056,0.134,Dandahra Creek at Gibraltar Range (204056),NSW,-29.4864,152.4456,Temperate (C)
204906,0.523,Orara River at Glenreagh (204906),NSW,-30.07,152.98,Temperate (C)
206009,0.196,Tia River at Tia (206009),NSW,-31.1878,151.8291,Temperate (C)
206014,0,Wollomombi River at Coninside (206014),NSW,-30.476389,152.028333,Temperate (C)
206018,0.008,Apsley River at Apsley Falls (206018),NSW,-31.049722,151.766111,Temperate (C)
206025,0.017,Salisbury Waters River at near Dangar Falls (206025),NSW,-30.681,151.7133,Temperate (C)
207004,0.292,Hastings River at Ellenborough (Kindee Bridg (207004),NSW,-31.4241,152.4697,Temperate (C)
207013,0.364,Ellenborough River at D/S Bunnoo R Junction (207013),NSW,-31.481,152.4478,Temperate (C)
207014,0.438,Wilson River at Avenel (207014),NSW,-31.3326,152.7404,Temperate (C)
207015,0.14300000000000002,Hastings River at Mount Seaview (207015),NSW,-31.3714,152.2442,Temperate (C)
208003,0.254,Gloucester River at Doon Ayre (208003),NSW,-31.8981,152.0956,Temperate (C)
208004,0.178,Manning River at Killawarra (208004),NSW,-31.92,152.31,Temperate (C)
208005,0.189,Nowendoc River at Rocks Crossing (208005),NSW,-31.779,152.0746,Temperate (C)
208007,0.247,Nowendoc River at Nowendoc (208007),NSW,-31.516389,151.716389,Temperate (C)
208009,0.384,Barnard River at Barry (208009),NSW,-31.579167,151.315278,Temperate (C)
208011,0.229,Barnard River at Mackay (208011),NSW,-31.77,151.9,Temperate (C)
208015,0.405,Landsdowne River at Landsdowne (208015),NSW,-31.7889,152.5128,Temperate (C)
208024,0.325,Barnard River at D/S Back R Jctn (208024),NSW,-31.56,151.34,Temperate (C)
208026,0.162,Myall River at Jacky Barkers (208026),NSW,-31.6417,151.7342,Temperate (C)
209002,0.246,Mammy Johnsons River at Crossing (209002),NSW,-32.2453,151.9778,Temperate (C)
209003,0.294,Karuah River at Booral (209003),NSW,-32.48,151.96,Temperate (C)
210006,0.083,Goulburn River at Coggan (210006),NSW,-32.342778,150.101389,Temperate (C)
210011,0.417,William River at Tillegra (210011),NSW,-32.318889,151.688056,Temperate (C)
210014,0.253,Rouchel Brook River at Rouchel Brook (The Vale) (210014),NSW,-32.1531,151.0474,Temperate (C)
210016,0.083,Goulburn River at Kerrabee (210016),NSW,-32.42,150.32,Temperate (C)
210017,0.31,Moonan Brook River at Moonan Brook (210017),NSW,-31.9437,151.2797,Temperate (C)
210022,0.386,Allyn River at Halton (210022),NSW,-32.3078,151.5117,Temperate (C)
210031,0.029,Goulburn River at Sandy Hollow (210031),NSW,-32.35,150.57,Temperate (C)
210040,0.139,Wybong Creek at Wybong (210040),NSW,-32.2708,150.6349,Temperate (C)
210052,0.228,Pages River at Gundy Recorder (210052),NSW,-32.0119,150.9965,Temperate (C)
211008,0.401,Jigadee Creek at Avondale (211008),NSW,-33.071667,151.47,Temperate (C)
211009,0.099,Wyong River at Gracemere (211009),NSW,-33.2724,151.3593,Temperate (C)
211013,0.517,Ourimbah Creek at U/S Weir (211013),NSW,-33.3497,151.3428,Temperate (C)
211014,0.14100000000000001,Wyong River at Yarramalong (211014),NSW,-33.2198,151.2734,Temperate (C)
212040,0.007,Kialla Creek at Pomeroy (212040),NSW,-34.6089,149.5431,Temperate (C)
212209,0.195,Nepean River at Maguires Crossing (212209),NSW,-34.476389,150.533333,Temperate (C)
212260,0.245,Kowmung River at Cedar Ford (212260),NSW,-33.947222,150.244444,Temperate (C)
215002,0.246,Shoalhaven River at Warri  (215002),NSW,-35.340833,149.739444,Temperate (C)
215004,0.356,Corang River at Hockeys (215004),NSW,-35.146944,150.033056,Temperate (C)
215207,0.275,Shoalhaven River at Fossickers Flat,NSW,-34.818901,150.182923,Temperate (C)
216002,0.197,Clyde River at Brooman (216002),NSW,-35.468056,150.237222,Temperate (C)
216004,0.49,Currambene Creek at Falls Creek (216004),NSW,-34.970278,150.598611,Temperate (C)
216009,0.42,BuCreekenbowra River at Buckenbowra No.3 (216009),NSW,-35.714,150.0342,Temperate (C)
218001,0.489,Tuross River at Tuross Vale (218001),NSW,-36.265,149.510556,Temperate (C)
218005,0.248,Tuross River at D/S Wadbilliga R Junct (218005),NSW,-36.1975,149.7606,Temperate (C)
218007,0.425,Wadbilliga River at Wadbilliga (218007),NSW,-36.2586,149.6914,Temperate (C)
218008,0.23500000000000001,Tuross River at Eurobodalla (218008),NSW,-36.13,150,Temperate (C)
219001,0.227,Rutherford Creek at Brown Mountain (219001),NSW,-36.593889,149.4425,Temperate (C)
219003,0.3,Bemboka River at Morans Crossing (219003),NSW,-36.6674,149.6469,Temperate (C)
219006,0.218,Tantawangalo Creek at Tantawangalo Mountain Dam (219006),NSW,-36.78,149.54,Temperate (C)
219017,0.355,Double Creek at near Brogo (219017),NSW,-36.6,149.8094,Temperate (C)
219022,0.241,Tantawangalo Creek at Candelo Dam Site (219022),NSW,-36.7319,149.6842,Temperate (C)
220003,0.34800000000000003,Pambula River at Lochiel (220003),NSW,-36.9414,149.8194,Temperate (C)
221002,0.383,Wallagaraugh River at Princes HWY (221002),NSW,-37.3719,149.7125,Temperate (C)
221201,0.273,Cann(West Branch River at Weeragua (221201),VIC,-37.373,149.2,Temperate (C)
221207,0.177,Errinundra River at Errinundra (221207),VIC,-37.447222,148.914167,Temperate (C)
221208,0.47000000000000003,Wingan River at Wingan Inlet National Park (221208),VIC,-37.689,149.49,Temperate (C)
221209,0.309,Cann(East Branch River at Weeragua (221209),VIC,-37.356,149.21,Temperate (C)
221210,0.398,Genoa River at The Gorge (221210),VIC,-37.416389,149.518611,Temperate (C)
221211,0.258,Combienbar River at Combienbar (221211),VIC,-37.44,148.98,Temperate (C)
221212,0.391,Bemm River at Princes HWY (221212),VIC,-37.606,148.9,Temperate (C)
222004,0.20700000000000002,Little Plains River at Wellesley (Rowes) (222004),NSW,-36.9969,149.0925,Temperate (C)
222016,0.665,Pinch River at The Barry Way (222016),NSW,-36.7936,148.4033,Temperate (C)
222202,0.14200000000000002,Brodribb Riber River at Sardine Creek (222202),VIC,-37.512,148.55,Temperate (C)
222206,0.249,Buchan River at Buchan (222206),VIC,-37.494722,148.174722,Temperate (C)
222210,0.092,Deddick River at Deddick (Caseys) (222210),VIC,-37.0853747,148.4241522,Temperate (C)
222213,0.257,Suggan Buggan River at Suggan Buggan (222213),VIC,-36.954722,148.326667,Temperate (C)
222217,0.046,Rodger River at Jacksons Crossing (222217),VIC,-37.41,148.36,Temperate (C)
223202,0.189,Tambo River at Swifts Creek (223202),VIC,-37.268056,147.728056,Temperate (C)
223204,0.312,Nicholson River at Deptford (223204),VIC,-37.59294631,147.697124,Temperate (C)
223205,0.201,Tambo River at D/S Of Ramrod Creek (223205),VIC,-37.67253062,147.8698513,Temperate (C)
224201,0,Wonnangatta R River at Waterford (224201),VIC,-37.49,147.17,Temperate (C)
224203,0.34400000000000003,Mitchell River at Glenaladale (224203),VIC,-37.76358991,147.3747776,Temperate (C)
224206,0,Wonnangatta River at Crooked River (224206),VIC,-37.406389,147.088056,Temperate (C)
224213,0.43,Dargo River at Lower Dargo Rd (224213),VIC,-37.493889,147.271389,Temperate (C)
224214,0.153,Wentworth River at Tabberabbera (224214),VIC,-37.494444,147.393333,Temperate (C)
225020A,0,South Cascade Creek at Thomson Valley Road (225020A),VIC,-37.833333,146.354167,Temperate (C)
225110A,0.786,Jordan River at D/S Johnsons Creek (225110A),VIC,-37.683611,146.318611,Temperate (C)
225201,0.12,Avon River at Stratford (225201),VIC,-37.9685868,147.0760061,Temperate (C)
225209,0.508,Macalister River at Licola (225209),VIC,-37.62961037,146.6233123,Temperate (C)
225213,0.182,Aberfeldy River at Beardmore (225213),VIC,-37.854,146.43,Temperate (C)
225218,0.17200000000000001,Freestone Creek at Briagolong (225218),VIC,-37.812,147.09,Temperate (C)
225219,0.619,Macalister River at Glencairn (225219),VIC,-37.516111,146.566111,Temperate (C)
225221,0.483,Macalister River at Stringybark Creek (225221),VIC,-37.76935073,146.6677493,Temperate (C)
225223,0.067,Valencia Creek at Gillio Road (225223),VIC,-37.74346413,146.9922931,Temperate (C)
225224,0.04,Avon River at The Channel (225224),VIC,-37.80184085,146.8849073,Temperate (C)
226023,0.399,Traralgon Creek at Traralgon (226023),VIC,-38.19405359,146.5439326,Temperate (C)
226204,0.138,Latrobe River at Willow Grove (226204),VIC,-38.089,146.16,Temperate (C)
226205,0.034,Latrobe River at Noojee (226205),VIC,-37.90701017,146.0221188,Temperate (C)
226209,0.317,Moe R River at Darnum (226209),VIC,-38.206,146,Temperate (C)
226218,0.315,Narracan Creek at Thorpdale (226218),VIC,-38.27191618,146.1865277,Temperate (C)
226220,0.046,Loch River at Noojee (226220),VIC,-37.866667,146.006111,Temperate (C)
226222,0.23700000000000002,Latrobe River at Near Noojee (226222),VIC,-37.881944,145.8925,Temperate (C)
226226,0,Tanjil River at Tanjil Junction (226226),VIC,-37.98,146.19,Temperate (C)
226402,0.276,Moe Drain River at Trafalgar East (226402),VIC,-38.176,146.21,Temperate (C)
226407,0.157,Morwell River at Boolarra (226407),VIC,-38.4075,146.304722,Temperate (C)
226410,0.186,Traralgon Creek at Koornalla (226410),VIC,-38.323,146.53,Temperate (C)
227200,0.14,Tarra River at Yarram (227200),VIC,-38.538,146.68,Temperate (C)
227202,0.517,Tarwin River at Meeniyan (227202),VIC,-38.582,145.99,Temperate (C)
227205,0.186,Merriman Creek at Calignee South (227205),VIC,-38.35208581,146.6547464,Temperate (C)
227210,0.232,Bruthen Creek at Carrajung Lower (227210),VIC,-38.39502395,146.74407,Temperate (C)
227211,0.4,Agnes River at Toora (227211),VIC,-38.64,146.37,Temperate (C)
227213,0,Jack River at Jack River (227213),VIC,-38.52579869,146.538118,Temperate (C)
227219,0.677,Bass River at Loch (227219),VIC,-38.358,145.72,Temperate (C)
227225,0.057,Tarra River at Fischers (227225A),VIC,-38.469722,146.555278,Temperate (C)
227226,0.419,Tarwin River East Branch  at Dumbalk North (227226),VIC,-38.499722,146.160833,Temperate (C)
227227,0.301,Wilkur Creek at Leongatha (227227),VIC,-38.393333,145.957222,Temperate (C)
227231,0.496,Bass River at Glen Forbes South (227231),VIC,-38.467,145.51,Temperate (C)
227236,0.446,Powlett River at D/S Foster Ck Junction (227236),VIC,-38.559,145.71,Temperate (C)
227237,0,Franklin River at Toora (227237),VIC,-38.63,146.31,Temperate (C)
229650A,0,Aldermans Creek at RD 32 (229650A),VIC,-37.721389,145.941111,Temperate (C)
229661A,0.266,Walshes Creek at RD 1 (229661A),VIC,-37.633611,145.926667,Temperate (C)
230205,0.323,Deep Creek at Bulla (D/S of Emu Ck Ju (230205),VIC,-37.632,144.8,Temperate (C)
230209,0.49,Barringo Creek at Barringo (U/S Of Diversion) (230209),VIC,-37.41050387,144.6260551,Temperate (C)
230210,0.28,Saltwater Creek at Bullengarook (230210),VIC,-37.471944,144.524167,Temperate (C)
231211,0.22,Lerderderg River at U/S Goodman Ck Junction (231211),VIC,-37.63,144.43,Temperate (C)
231213,0.435,Lerderderg River at Sardine Creek O'brien Crossing (231213),VIC,-37.496111,144.359722,Temperate (C)
231225,0.387,Werribee River at Ballan (U/S Old Western H- (231225),VIC,-37.598,144.25,Temperate (C)
231231,0,Toolern Creek at Melton South (231231),VIC,-37.72796,144.57898,Temperate (C)
232214,0.352,Black Creek at U/S Of Bungal Dam (232214),VIC,-37.62982,144.06236,Temperate (C)
232215,0.34700000000000003,Woollen Creek at U/S Of Bungal Dam (232215),VIC,-37.6337175,144.0807662,Temperate (C)
233214,0.394,Barwon River East Branch at Forrest (233214),VIC,-38.52871645,143.730405,Temperate (C)
233223,0,Warrambine Creek at Warrambine (233223),VIC,-37.928637,143.8663116,Temperate (C)
234200,0.21,Woady Yaloak River River at Pitfield (234200),VIC,-37.809,143.59,Temperate (C)
234201,0.196,Woady Yaloak River at Cressy (Yarima) (234201),VIC,-38.012,143.64,Temperate (C)
234203,0.588,Pirron YalloCreek C River at Pirron Yallock (above H'Wy (234203),VIC,-38.354,143.42,Temperate (C)
234209,0.426,Dean Creek at Lake Colac (234209),VIC,-38.33843869,143.5583248,Temperate (C)
235202,0.5,Gellibrand River River at Upper Gelliberand (235202),VIC,-38.564,143.66,Temperate (C)
235203,0.845,Curdies River River at Curdie (235203),VIC,-38.445,142.96,Temperate (C)
235204,0.583,Little Aire Creek at Beech Forest (235204),VIC,-38.6548305,143.5291815,Temperate (C)
235205,0.221,Arkins Creek West Branch at Wyelangta (235205),VIC,-38.638056,143.443056,Temperate (C)
235209,0.196,Aire River at Beech Forest (235209),VIC,-38.66849499,143.5812749,Temperate (C)
235210,0.534,Lardner Creek at Gellibrand (235210),VIC,-38.535,143.54,Temperate (C)
235211,0.763,Kennedys Creek at Kennedys Ck (235211),VIC,-38.588,143.26,Temperate (C)
235219,0.584,Aire River at Wyelangta (235219),VIC,-38.7031718,143.4772919,Temperate (C)
235224,0.551,Gellibrand River at Burrupa (235224),VIC,-38.7,143.25,Temperate (C)
235227,0.496,Gellibrand River at Bunkers Hill (235227),VIC,-38.5241,143.4829,Temperate (C)
235233,0.386,Barham River East Branch at Apollo Bay Paradise (235233),VIC,-38.75502396,143.6249731,Temperate (C)
235234,0.214,Love Creek at Gellibrand (235234),VIC,-38.483,143.57,Temperate (C)
235237,0.782,Scotts Creek at Curdie (Digneys Br) (235237),VIC,-38.448,142.99,Temperate (C)
236202,0,Hopkins River at Wickliffe (236202),VIC,-37.694023,142.725571,Temperate (C)
236203,0.17300000000000001,Mount Emu Creek at Skipton (236203),VIC,-37.68769856,143.3600674,Temperate (C)
236204,0.063,Fiery Creek at Streatham (236204),VIC,-37.68052,143.0657,Temperate (C)
236205,0.28700000000000003,Merri River at Woodford (236205),VIC,-38.316,142.48,Temperate (C)
236209,0.121,Hopkins River at Hopkins Falls (236209),VIC,-38.33543732,142.6251911,Temperate (C)
236210,0.013000000000000001,Hopkins River at Framlingham (236210),VIC,-38.24379422,142.7030202,Temperate (C)
236212,0.583,BruCreeknell Creek at Cudgee (236212),VIC,-38.346,142.65,Temperate (C)
236213,0.089,Mount Emu Creek at Mena Park (236213),VIC,-37.531111,143.466389,Temperate (C)
236216,0.107,Mount Emu Creek at Taroon (Ayrford Road Bridge) (236216),VIC,-38.30559215,142.8812902,Temperate (C)
237200,0.336,Moyne River at Toolong (237200),VIC,-38.31991057,142.2264285,Temperate (C)
237202,0.309,Fitzroy River at Heywood (237202),VIC,-38.126,141.62,Temperate (C)
237205,0.23800000000000002,Darlot Creek at Homerton Br (237205),VIC,-38.15,141.77,Temperate (C)
237206,0.329,Eumeralla River at Codrington (237206),VIC,-38.258,141.94,Temperate (C)
237207,0.446,Surry River at Heathmere (237207),VIC,-38.243,141.66,Temperate (C)
238204,0.106,Wannon River River at Dunkeld (238204),VIC,-37.631,142.34,Temperate (C)
238208,0.109,Jimmy Creek at Jimmy Creek (238208),VIC,-37.373333,142.507778,Temperate (C)
238219,0.123,Grange Burn at Morgiana (238219),VIC,-37.70876208,141.8325532,Temperate (C)
238223,0.372,Wando River at Wando Vale (238223),VIC,-37.496,141.43,Temperate (C)
238229,0.332,Chetwynd River at Chetwynd (238229),VIC,-37.321,141.48,Temperate (C)
238230,0.382,Stokes River at Teakettle (238230),VIC,-37.87,141.41,Temperate (C)
238231,0.452,Glenelg River at Big Cord (238231),VIC,-37.312,142.37,Temperate (C)
238235,0.342,Crawford River at Lower Crawford (238235),VIC,-37.98,141.46,Temperate (C)
302200,0.581,Swan river at The Grange (302200),TAS,-42.0467,148.075,Temperate (C)
302208,0.47600000000000003,Meredith Reiver at Swansea (302208),TAS,-42.1217,148.04,Temperate (C)
302214,0.511,Ansons River at Downstream of Big Boggy Creek (302214),TAS,-41.046667,148.216667,Temperate (C)
303203,0.34700000000000003,Coal River at Baden (303203),TAS,-42.435,147.4533,Temperate (C)
304040,0.705,Florentine River at U/S Derwent Junction (304040),TAS,-42.4417,146.515,Temperate (C)
304497,0.369,Nive River at Gowan Brae (304497),TAS,-42.030556,146.419722,Temperate (C)
304499,0.811,Tyenna River at Newbury (304499),TAS,-42.706389,146.711111,Temperate (C)
305202,0.387,Snug Rivulet at U/S Snug Tiers Rd Bridge (305202),TAS,-43.071111,147.236944,Temperate (C)
306119,0.20700000000000002,Huon River above Frying PanCreek (306119),TAS,-43.0367,146.84,Temperate (C)
307473,0.188,Davey River at D/S Crossing Rv  (307473),TAS,-43.1412,145.95,Temperate (C)
308145,0.048,Franklin River at Mt Fincham Track (308145),TAS,-42.241667,145.767222,Temperate (C)
308799,0.388,Collingwood river at B/L Alma (308799),TAS,-42.164167,145.928056,Temperate (C)
312061,0.525,Hellyer River at Guilford Junction (312061),TAS,-41.419444,145.670556,Temperate (C)
314207,0.373,Leven River at at Bannons Bridge (314207),TAS,-41.250833,146.09,Temperate (C)
314212,0.041,Cam River U/S Somerset WS (314212),TAS,-41.06,145.8367,Temperate (C)
314213,0.227,Black River at South Forest (314213),TAS,-40.872222,145.297778,Temperate (C)
314214,0.397,Duck River at Scotchtown Road (314214),TAS,-40.8733,145.1183,Temperate (C)
315450,0.361,Forth River at U/S Lemonthyme (315450),TAS,-41.611667,146.130556,Temperate (C)
316624,0.107,Arm River at U/S Mersey (316624),TAS,-41.6894,146.2154,Temperate (C)
317200,0.525,Rubican River at Tidal Limit (317200),TAS,-41.2567,146.5667,Temperate (C)
318076,0.223,North Esk River at Ballroom (318076),TAS,-41.494444,147.384167,Temperate (C)
318150,0.335,River at South Esk at Llewellyn (318150),TAS,-41.8167,147.5633,Temperate (C)
318181,0.427,South Esk River at U/S Macquarie R (at Per (318181),TAS,-41.5983,147.2033,Temperate (C)
318191,0.28300000000000003,Break O'Day River at at Killymoon (318191),TAS,-41.5967,148.0567,Temperate (C)
318311,0.417,St Pauls River U/S South Esk (318311),TAS,-41.7883,147.7267,Temperate (C)
319204,0.4,Pipers River D/S  Yarrow Creek (319204),TAS,-41.0667,147.11,Temperate (C)
401009,0.25,Maragle Creek at Maragle (401009),NSW,-35.926111,148.100833,Temperate (C)
401012,0.404,Murray River at Biggara (401012),NSW,-36.318333,148.051944,Temperate (C)
401013,0.429,Jingellic Creek at Jingellic (401013),NSW,-35.8972,147.6917,Temperate (C)
401015,0.051000000000000004,Bowna Creek at Yambla (401015),NSW,-35.916667,146.976944,Temperate (C)
401016,0.41100000000000003,Welumba Creek at The Square (401016),NSW,-36.04,148.12,Temperate (C)
401017,0.707,Mannus Creek at Yarramundi (401017),NSW,-35.77,147.93,Temperate (C)
401203,0.20800000000000002,Mitta Mitta River at Hinnomunjie (401203),VIC,-36.948056,147.606944,Temperate (C)
401208,0.337,Cudgewa Creek at Berringama (401208),VIC,-36.213333,147.677778,Temperate (C)
401210,0.201,Snowy Creek at Below Granite Flat (401210),VIC,-36.568611,147.413611,Temperate (C)
401212,0.225,Nariel Creek at Upper Nariel (401212),VIC,-36.446111,147.829444,Temperate (C)
401215,0.243,Morass Creek at Uplands (401215),VIC,-36.86621971,147.7035132,Temperate (C)
401216,0.145,Big River at Jokers Creek (401216),VIC,-36.933056,147.4725,Temperate (C)
401217,0.333,Gibbo River at Gibbo Park (401217),VIC,-36.756111,147.708611,Temperate (C)
401220,0.4,Tallangatta Creek at McCallums (401220),VIC,-36.213,147.34,Temperate (C)
402204,0.326,Yackandandah Creek at Osbornes Flat (402204),VIC,-36.303333,146.906111,Temperate (C)
402206,0.43,Running Creek at Running Creek (402206),VIC,-36.54,147.044444,Temperate (C)
402213,0.368,Kinchington Creek at Osbornes Flat (402213),VIC,-36.316389,146.894444,Temperate (C)
402217,0.449,Flaggy Creek at Myrtleford Road Bridge (402217),VIC,-36.385833,146.876389,Temperate (C)
403200,0.259,Ovens River at Wangaratta (403200),VIC,-36.35066081,146.3209358,Temperate (C)
403205,0.23600000000000002,Ovens Rivers at Bright (403205),VIC,-36.72564366,146.9525954,Temperate (C)
403209A,0.293,Reedy Creek at Wangaratta North (403209A),VIC,-36.3325,146.344722,Temperate (C)
403213,0.34600000000000003,Fifteen Mile Creek at Greta South (403213),VIC,-36.619444,146.244722,Temperate (C)
403214,0.28800000000000003,Happy Valley Creek at Rosewhite (403214),VIC,-36.577778,146.820278,Temperate (C)
403217,0.41200000000000003,Rose River at Matong North (403217),VIC,-36.824722,146.583611,Temperate (C)
403221,0.332,Reedy Creek at Woolshed (403221),VIC,-36.311667,146.601111,Temperate (C)
403222,0.317,Buffalo River at Abbeyard (403222),VIC,-36.910833,146.700556,Temperate (C)
403223,0.406,King River at Docker Road Bridge (403223),VIC,-36.5163133,146.3894165,Temperate (C)
403224,0.23,Hurdle Creek at Bobinawarrah (403224),VIC,-36.513,146.45,Temperate (C)
403226,0.463,Boggy Creek at Angleside (403226),VIC,-36.605556,146.362222,Temperate (C)
403230,0.359,Ovens River at Rocky Point (403230),VIC,-36.5334707,146.6683095,Temperate (C)
403232,0.467,Morses Creek at Wandiligong (403232),VIC,-36.751111,146.979722,Temperate (C)
403233,0.319,Buckland River at Harris Lane (403233),VIC,-36.72149292,146.8820491,Temperate (C)
404204,0.127,Boosey Creek at Tungamah (404204),VIC,-36.12376902,145.8319105,Temperate (C)
404207,0.334,Holland Creek at Kelfeera (404207),VIC,-36.612222,146.058611,Temperate (C)
405205,0.24,Murrindindi River at Murrindindi above Colwells (405205),VIC,-37.413889,145.564167,Temperate (C)
405209,0.494,Acheron River at Taggerty (405209),VIC,-37.317778,145.713889,Temperate (C)
405212,0.457,Sunday Creek at Tallarook (405212),VIC,-37.1,145.06,Temperate (C)
405214,0.264,Delatite River at Tonga Br (405214),VIC,-37.159,146.11,Temperate (C)
405215,0.43,Howqua River at Glen Esk (405215),VIC,-37.229444,146.207222,Temperate (C)
405217,0.438,Yea River at Devlins Bridge (405217),VIC,-37.383056,145.473333,Temperate (C)
405218,0.656,Jamieson River at Gerrang Bridge (405218),VIC,-37.291667,146.1875,Temperate (C)
405219,0.68,Goulburn River at Dohertys (405219),VIC,-37.3325,146.130278,Temperate (C)
405226,0.218,Pranjip Creek at Moorlim (405226),VIC,-36.621111,145.306667,Temperate (C)
405227,0.8,Big River at Jamieson (405227),VIC,-37.3675,146.056944,Temperate (C)
405228,0.233,Hughes Creek at Tarcombe Rd (405228),VIC,-36.95,145.28,Temperate (C)
405229,0.242,Wanalta Creek at Wanalta (405229),VIC,-36.635,144.87,Temperate (C)
405230,0.07100000000000001,Cornella Creek at Colbinabbin (405230),VIC,-36.604,144.81,Temperate (C)
405231,0.357,King Parrot Creek at Flowerdale (405231),VIC,-37.347,145.29,Temperate (C)
405234,0.585,Seven Creeks River at D/S of Polly McQuinn Weir (405234),VIC,-36.888,145.68,Temperate (C)
405237,0.509,Seven Creeks at Euroa Township (405237),VIC,-36.762369,145.585843,Temperate (C)
405238,0.295,Mollison Creek at Pyalong (405238),VIC,-37.120278,144.856944,Temperate (C)
405240,0.247,Sugarloaf Creek at Ash Br (405240),VIC,-37.061,145.06,Temperate (C)
405241,0.645,Rubicon River at Rubicon (405241),VIC,-37.291,145.83,Temperate (C)
405245,0.303,Ford Creek at Mansfield (405245),VIC,-37.038611,146.053889,Temperate (C)
405246,0.358,Castle Creek at Arcadia (405246),VIC,-36.59083189,145.3511279,Temperate (C)
405248,0.091,Major Creek at Graytown (405248),VIC,-36.853611,144.914444,Temperate (C)
405251,0.427,Brankeet Creek at Ancona (405251),VIC,-36.968611,145.783889,Temperate (C)
405263,0.791,Goulburn River at U/S of Snake Creek Junction (405263),VIC,-37.462778,146.247778,Temperate (C)
405264,0.805,Big River at D/S of Frenchman Creek Junction (405264),VIC,-37.520556,146.076667,Temperate (C)
405274,0.37,Home Creek at Yarck (405274),VIC,-37.106111,145.605,Temperate (C)
406208,0.41100000000000003,Campaspe River at Ashborne (406208),VIC,-37.387778,144.450556,Temperate (C)
406213,0.337,Campaspe River at Redesdale (406213),VIC,-37.016111,144.539167,Temperate (C)
406214,0.227,Axe Creek at Longlea (406214),VIC,-36.773889,144.428333,Temperate (C)
406224,0.018000000000000002,Mount Pleasant Creek at Runnymede (406224),VIC,-36.546389,144.637222,Temperate (C)
406226,0.258,Mount Ida Creek at Derrinal (406226),VIC,-36.881,144.65,Temperate (C)
406235,0.234,Wild DuCreek Creek at U/S of Heathcote-Mia Mia (406235),VIC,-36.948,144.66,Temperate (C)
406250,0.47900000000000004,Coliban River at Springhill-Tylden Rd (406250),VIC,-37.32,144.37,Temperate (C)
407211,0.211,Bet Bet Creek at Bet Bet (407211),VIC,-36.92226552,143.7467637,Temperate (C)
407213,0.212,McCallums Creek at Carisbrook (407213),VIC,-37.085,143.81,Temperate (C)
407214,0.289,Creswick Creek at Clunes (407214),VIC,-37.296944,143.789444,Temperate (C)
407215,0.41300000000000003,Loddon River at Newstead (407215),VIC,-37.108889,144.058889,Temperate (C)
407217,0.41500000000000004,Loddon River at Vaughan D/S Fryers Creek (407217),VIC,-37.15795783,144.2084168,Temperate (C)
407220,0.241,Bet Bet Creek at Norwood (407220),VIC,-36.993611,143.644167,Temperate (C)
407221,0.353,Larni Barramal Yaluk at Yandoit (407221),VIC,-37.2064268,144.100373,Temperate (C)
407230,0.295,Joyces Creek at Strathlea (407230),VIC,-37.162222,143.960833,Temperate (C)
407239,0.181,Middle Creek at Rodborough (407239),VIC,-37.13826309,143.9133979,Temperate (C)
407246,0.145,Bullock Creek at Marong (407246),VIC,-36.72893939,144.1360524,Temperate (C)
407253,0.057,Piccaninny Creek at Minto (407253),VIC,-36.452222,144.468889,Dry (B)
408200,0.107,Avoca River at Coonooer (408200),VIC,-36.438056,143.298333,Dry (B)
408202,0.23500000000000001,Avoca River at Amphitheatre (408202),VIC,-37.181944,143.405556,Temperate (C)
408206,0.15,Avoca River at Archdale Junction (408206),VIC,-36.885,143.5,Temperate (C)
410024,0.293,Goodradigbee River at Wee Jasper (Kashmir) (410024),NSW,-35.1672,148.6855,Temperate (C)
410026,0.189,Yass River at Yass (410026),NSW,-34.8367,148.9103,Temperate (C)
410033,0.049,Murrumbidgee River at Mittagang Crossing (410033),NSW,-36.17,149.09,Temperate (C)
410038,0.271,Adjungbilly Creek at Darbalara (410038),NSW,-35.0192,148.2457,Temperate (C)
410044,0.11900000000000001,Muttama Creek at Coolac (410044),NSW,-34.9319,148.1616,Temperate (C)
410047,0.259,Tarcutta Creek at Old Borambola (410047),NSW,-35.1639,147.6543,Temperate (C)
410057,0.457,Goobarragandra River at Lacmalac (410057),NSW,-35.33,148.348889,Temperate (C)
410061,0.215,Adelong Creek at Batlow Road (410061),NSW,-35.332222,148.069167,Temperate (C)
410062,0.155,Numeralla River at Numeralla School (410062),NSW,-36.1793,149.3485,Temperate (C)
410088,0.308,Goodradigbee River at Brindabella (No.2&No.3-Cab (410088),NSW,-35.42,148.73,Temperate (C)
410091,0.24,Billabong Creek at Walbundrie (410091),NSW,-35.69,146.72,Temperate (C)
410141,0.198,Micaligo Creek at Michelago (410141),NSW,-35.7053,149.1488,Temperate (C)
410156,0.3,Kyeamba Creek at Book Book (410156),NSW,-35.35,147.55,Temperate (C)
410705,0.23600000000000002,Molonglo River at Burbong (410705),NSW,-35.335556,149.316111,Temperate (C)
410713,0.41000000000000003,Paddy's River at Riverlea (410713),ACT,-35.3843,148.9656,Temperate (C)
410730,0.389,Cotter River at Gingera (410730),ACT,-35.591944,148.822222,Temperate (C)
410731,0.202,Gudgenby River at Tennent (410731),ACT,-35.575,149.066111,Temperate (C)
410734,0.188,Queanbeyan River at Tinderry (410734),NSW,-35.613889,149.348889,Temperate (C)
410761,0.111,Murrumbidgee River at Lobb Holes (410761),ACT,-35.54,149.101944,Temperate (C)
411003,0.232,Butmaroo Creek at Butmaroo (411003),NSW,-35.2567,149.5422,Temperate (C)
412028,0.211,Abercrombie River at Abercrombie  (412028),NSW,-33.954722,149.325278,Temperate (C)
412029,0.069,Boorowa River at Prossers Crossing (412029),NSW,-34.1441,148.8101,Temperate (C)
412050,0.062,Crookwell River at Narrawa North (412050),NSW,-34.310556,149.167222,Temperate (C)
412066,0.203,Abercrombie River at Hadley No. 2 (412066),NSW,-34.112778,149.5975,Temperate (C)
415201,0.242,Wimmera River at Glenorchy Weir Tail Gauge (415201),VIC,-36.909,142.64,Temperate (C)
415206,0.279,Wimmera River at Glynwylln (415206),VIC,-36.95390887,142.8600891,Temperate (C)
415207,0.265,Wimmera River at Eversley (415207),VIC,-37.185278,143.184722,Temperate (C)
415220,0,Avon River at Wimmera HWY (415220),VIC,-36.64,142.98,Temperate (C)
415223,0.155,Burnt Creek at Wonwondah East (415223),VIC,-36.88537671,142.2340353,Temperate (C)
415226,0,Richardson River at Carrs Plains (415226),VIC,-36.743611,142.785278,Temperate (C)
415237,0.01,Concongella Creek at Stawell (415237),VIC,-37.026389,142.821389,Temperate (C)
415238,0.078,Wattle Creek at Navarre (415238),VIC,-36.902,143.11,Temperate (C)
415245,0.08700000000000001,Mount Cole Creek at Crowlands (415245),VIC,-37.165,143.09,Temperate (C)
416003,0.151,Tenterfield Creek at Clifton (416003),NSW,-29.029167,151.725833,Temperate (C)
416008,0.218,Beadt River at Haystack (416008),NSW,-29.219167,151.383056,Temperate (C)
416010,0.18,Macintyre River at Wallangra (416010),NSW,-29.2642,150.8984,Temperate (C)
416016,0.225,Macintyre River at Inverell (Middle Ck) (416016),NSW,-29.7936,151.1263,Temperate (C)
416020,0,Ottleys Creek at Coolatai (416020),NSW,-29.234,150.7581,Temperate (C)
416023,0.163,Deepwater River at Bolivia (416023),NSW,-29.2929,151.9234,Temperate (C)
416032,0.189,Mole River at Donaldson (416032),NSW,-29.017,151.5986,Temperate (C)
418005,0.26,Copes Creek at Kimberley (418005),NSW,-29.916944,151.114167,Temperate (C)
418014,0.026000000000000002,Gwydir River at Yarrowyck (418014),NSW,-30.4675,151.362778,Temperate (C)
418015,0.195,Horton River at Rider (Killara) (418015),NSW,-29.83,150.35,Temperate (C)
418017,0.084,Myall Creek at Molroy (418017),NSW,-29.7992,150.5832,Temperate (C)
418021,0.23900000000000002,Laura Creek at Laura (418021),NSW,-30.2293,151.1857,Temperate (C)
418025,0,Halls Creek at Bingara (418025),NSW,-29.9361,150.5716,Temperate (C)
418027,0.28200000000000003,Horton River at Horton Dam Site (418027),NSW,-30.2081,150.4281,Temperate (C)
418032,0.074,Tycannah Creek at Horseshoe Lagoon (418032),NSW,-29.6719,150.0426,Temperate (C)
419005,0.188,Namoi River at North Cuerindi (419005),NSW,-30.678611,150.778056,Temperate (C)
419010,0.231,Macdonald River at Woolbrook (419010),NSW,-30.9669,151.3448,Temperate (C)
419016,0.17500000000000002,CoCreekburn River at Mulla Crossing (419016),NSW,-31.0614,151.1254,Temperate (C)
419029,0.092,Halls Creek at Ukolan (419029),NSW,-30.7054,150.8259,Temperate (C)
419035,0.032,Goonoo Goonoo Creek at Timbumburi (419035),NSW,-31.2726,150.9147,Temperate (C)
419054,0.222,Swamp Oak Creek at Limbri (419054),NSW,-31.0396,151.1694,Temperate (C)
420003,0.192,Belar Creek at Warkton (Blackburns) (420003),NSW,-31.3861,149.2011,Temperate (C)
420017,0.063,Castlereagh River at Hidden Valley (420017),NSW,-31.4197,149.3103,Temperate (C)
421018,0.299,Bell River at Newrea (421018),NSW,-32.6808,148.9478,Temperate (C)
421026,0.077,Turon River at Sofala (421026),NSW,-33.0819,149.689,Temperate (C)
421042,0.083,Talbragar River at Elong Elong (421042),NSW,-32.0939,149.0598,Temperate (C)
421048,0.016,Little River at Obley No.2 (421048),NSW,-32.7072,148.5511,Temperate (C)
421050,0.199,Bell River at Molong (421050),NSW,-33.03,148.95,Temperate (C)
421055,0.07200000000000001,Coolbaggie Creek at Rawsonville (421055),NSW,-32.1442,148.4549,Temperate (C)
422202B,0.156,Dogwood Creek at Gilweir (422202B),QLD,-26.708889,150.178889,Temperate (C)
422306A,0.197,Swan Creek at Swanfels (422306A),QLD,-28.164444,152.283333,Temperate (C)
422313B,0.14100000000000001,Emu Creek at Emu Vale (422313B),QLD,-28.228333,152.226667,Temperate (C)
422319B,0.163,Dalrymple Creek at Allora (422319B),QLD,-28.035833,152.014444,Temperate (C)
422321B,0.265,Spring Creek at Killarney (422321B),QLD,-28.353889,152.333056,Temperate (C)
422334A,0.109,Kings Creek at Aides Bridge (422334A),QLD,-27.926389,151.8625,Temperate (C)
422338A,0.112,Canal Creek at Leyburn (422338A),QLD,-28.0321,151.5853,Temperate (C)
422394A,0.106,Condamine River at Elbow Valley (422394A),QLD,-28.371111,152.141944,Temperate (C)
424002,0,Paroo River at Willarra Crossing (424002),NSW,-29.2387,144.4553,Dry (B)
424201A,0.19,Paroo River at Caiwarro (424201A),QLD,-28.6891,144.7859,Dry (B)
602004,0,Kalgan R River at Stevens Farm (602004),WA,-34.8861,118,Temperate (C)
603003,0.247,Denmark River at Kompup (603003),WA,-34.6994,117.2169,Temperate (C)
603004,0.114,Hay River at Sunny Glen (603004),WA,-34.9108,117.4783,Temperate (C)
603005,0.135,Mitchell River at Beigpiegup (603005),WA,-34.8276,117.3929,Temperate (C)
603007,0,Sleeman River at Sleeman Rd Bridge (603007),WA,-34.9583,117.5032,Temperate (C)
603136,0.214,Denmark River at Mt Lindesay (603136),WA,-34.8667,117.315,Temperate (C)
603190,0.446,Yate Flat Creek at Woonanup (603190),WA,-34.7038,117.2921,Temperate (C)
604001,0.191,Kent River at Rocky Glen (604001),WA,-34.6227,117.0353,Temperate (C)
604053,0.305,Kent River at Styx Junction (604053),WA,-34.889167,117.087222,Temperate (C)
605012,0.161,Frankland R River at Mount Frankland (605012),WA,-34.9062,116.7885,Temperate (C)
606001,0.228,Deep River at Teds Pool (606001),WA,-34.764167,116.615278,Temperate (C)
606002,0.447,Weld River at Wattle Block (606002),WA,-34.696667,116.513889,Temperate (C)
606185,0.738,Shannon River at Dog Pool (606185),WA,-34.7648,116.3773,Temperate (C)
606195,0.505,Weld River at Ordnance Rd Crossing (606195),WA,-34.8069,116.5752,Temperate (C)
607003,0.19,Warren River at Wheatley Farm (607003),WA,-34.3694,116.2777,Temperate (C)
607004,0.054,Perup River at Quabicup Hill (607004),WA,-34.3311,116.4585,Temperate (C)
607007,0.28300000000000003,Tone River at Bullilup (607007),WA,-34.2503,116.679,Temperate (C)
607013,0.553,Lefroy Brook River at Rainbow Trail (607013),WA,-34.4275,116.016,Temperate (C)
607144,0.36,Wilgarup River at Quintarrup (607144),WA,-34.3486,116.3475,Temperate (C)
607155,0.799,Dombakup Brook at Malimup Track (607155),WA,-34.578611,115.972222,Temperate (C)
607220,0.34900000000000003,Warren River at Barker Rd Crossing (607220),WA,-34.5217,115.8994,Temperate (C)
608002,0.5740000000000001,Carey Brook at Staircase Road (608002),WA,-34.392778,115.842222,Temperate (C)
608151,0.5750000000000001,Donnelly River at Strickland (608151),WA,-34.3272,115.7846,Temperate (C)
609002,0.389,Scott River at Brennans Ford (609002),WA,-34.2761,115.3022,Temperate (C)
609005,0.244,Balgarup River at Mandelup Pool (609005),WA,-33.9075,117.1422,Temperate (C)
609010,0,Northern Arthur River at Lake Toolibin Inflow (609010),WA,-32.9048,117.614,Temperate (C)
609018,0.506,St John Brook River at Barrabup Pool (609018),WA,-33.9435,115.6914,Temperate (C)
610001,0.534,Margaret River at Willmots Farm (610001),WA,-33.9422,115.0549,Temperate (C)
610008,0.546,Margaret River North at Whicher Range (610008),WA,-33.806667,115.443611,Temperate (C)
611004,0.359,Preston River at Boyanup Bridge (611004),WA,-33.479,115.734,Temperate (C)
611111,0.366,Thomson Brook River at Woodperry Homestead (611111),WA,-33.6284,115.9476,Temperate (C)
612001,0.09,Collie R East River at Coolangatta Farm (612001),WA,-33.3303,116.2632,Temperate (C)
612014,0.125,Bingham River at Palmer (612014),WA,-33.2776,116.2756,Temperate (C)
612025,0.217,Camballan Creek at James Well (612025),WA,-33.4557,116.4258,Temperate (C)
612034,0.228,Collie River at South Branch (612034),WA,-33.387,116.1634,Temperate (C)
612230,0.182,Collie R East Trib River at James Crossing (612230),WA,-33.3814,116.5811,Temperate (C)
613002,0.513,Harvey River at Dingo Road (613002),WA,-33.085833,116.038889,Temperate (C)
613146,0.581,Clarke Brook at Hillview Farm (613146),WA,-32.997778,115.921944,Temperate (C)
614006,0.252,Murray River at Baden Powell Wtr Spout (614006),WA,-32.7722,116.0843,Temperate (C)
614037,0.14200000000000002,Big Brook River at O'Neil Rd (614037),WA,-32.5113,116.1902,Temperate (C)
614044,0.228,Yarragil Brook at Yarragil Formation (614044),WA,-32.811111,116.155556,Temperate (C)
614196,0.149,Williams River at Saddleback Rd Bridge (614196),WA,-32.9934,116.4278,Temperate (C)
614224,0.105,Hotham River at Marradong Rd Bridge (614224),WA,-32.8656,116.3981,Temperate (C)
616001,0.383,Wooroloo Brook River at Karls Ranch (616001),WA,-31.7337,116.1164,Temperate (C)
616002,0,Darkin River at Pine Plantation (616002),WA,-32.068333,116.2925,Temperate (C)
616006,0.298,BroCreekman River at Tanamerah (616006),WA,-31.3442,116.0916,Temperate (C)
616013,0,Helena River  at Ngangaguringuring (616013),WA,-31.939722,116.403611,Temperate (C)
616019,0.322,BroCreekman River at Yalliawirra (616019),WA,-31.6744,116.1178,Temperate (C)
616041,0.463,Wungong Brook River at Vardi Rd (616041),WA,-32.2479,116.1124,Temperate (C)
616065,0.281,Canning River at Glen Eagle (616065),WA,-32.2275,116.171944,Temperate (C)
616178,0.43,Jane Brook River at National Park (616178),WA,-31.884,116.0948,Temperate (C)
616216,0,Helena River at Poison Lease (616216),WA,-31.9731,116.2903,Temperate (C)
617002,0,Hill River at Hill R Springs (617002),WA,-30.2771,115.3666,Temperate (C)
617003,0.338,Gingin Brook River at Bookine Bookine (617003),WA,-31.3194,115.627,Temperate (C)
701002,0,Greenough River at Karlanew Peak (701002),WA,-28.8242,114.8455,Temperate (C)
701007,0,Chapman River at Utakarra (701007),WA,-28.7629,114.6688,Temperate (C)
701009,0,Irwin River at Mountain Bridge (701009),WA,-29.238,115.0351,Temperate (C)
704139,0.062,Gascoyne River at Nine Mile Bridge (704139),WA,-24.8276,113.7691,Dry (B)
704193,0.191,Gascoyne River at Fishy Pool (704193),WA,-24.9497,114.6442,Dry (B)
705001,0,Minilya River at Minilya Bridge (705001),WA,-23.8163,114.0103,Dry (B)
707002,0,Robe River at Yarraloola (707002),WA,-21.6162,115.9225,Dry (B)
707005,0.326,Cane River at Toolunga (707005),WA,-22.0226,115.5945,Dry (B)
708011,0.17400000000000002,Fortescue River at Newman (708011),WA,-23.4014,119.7943,Dry (B)
709010,0.107,Turner River at Pincunah (709010),WA,-21.2305,118.8338,Dry (B)
710003,0.34800000000000003,De Grey River at Coolenar Pool (710003),WA,-20.3114,119.249,Dry (B)
710229,0.226,Shaw River at North Pole Mine (710229),WA,-21.0943,119.3173,Dry (B)
802055,0.375,Fitzroy River at Fitzroy Crossing (802055),WA,-18.2963,125.5263,Dry (B)
803003,0.454,Fletcher River at Dromedary (803003),WA,-17.129722,124.988333,Dry (B)
804001,0.28200000000000003,Isdell River at Dales Yard (804001),WA,-17.008889,125.4275,Dry (B)
809310,0.317,Ord River at Bedford Downs (809310),WA,-17.425833,127.600556,Dry (B)
809315,0.242,Negri River at Mistake Ck Homestead (809315),NT,-17.1775,129.0925,Dry (B)
809316,0.23600000000000002,Ord River at Old Ord Homestead (809316),WA,-17.3738,128.8537,Dry (B)
809321,0.404,Dunham River at Dunham Gorge (809321),WA,-16.1863,128.3,Dry (B)
809322,0.216,Wilson River at Odonnell Range (809322),WA,-16.6475,128.0925,Dry (B)
912101A,0,Gregory River at Gregory Downs (912101A),QLD,-18.643611,139.253056,Dry (B)
912105A,0,Gregory River at Riversleigh No. 2 (912105A),QLD,-18.970833,138.803333,Dry (B)
915011A,0.202,Porcupine Creek at Mt Emu Plains (915011A),QLD,-20.1775,144.524444,Dry (B)
915206A,0.189,Dugald River at Railway Crossing (915206A),QLD,-20.2013,140.2233,Dry (B)
917107A,0.319,Elizabeth Creek at Mount Surprise (917107A),QLD,-18.133611,144.306667,Tropical (A)
919003A,0.11,Mitchell River at O.K. Bridge (919003A),QLD,-16.471389,144.290556,Tropical (A)
919005A,0.47300000000000003,Rifle Creek at Fonthill (919005A),QLD,-16.6788,145.2267,Tropical (A)
919201A,0.178,Palmer River at Goldfields (919201A),QLD,-16.108056,144.778611,Tropical (A)
919309A,0.365,Walsh River at Trimbles Crossing (919309A),QLD,-16.545278,143.784722,Tropical (A)
922101B,0.706,Coen river at Racecourse (922101B),QLD,-13.956389,143.175,Tropical (A)
925001A,0.597,Wenlock river at Moreton (925001A),QLD,-12.454444,142.637778,Tropical (A)
926002A,0.596,Dulhunty River at Dougs Pad (926002A),QLD,-11.831667,142.42,Tropical (A)
A0020101,0,Diamantina River at Birdsville (A0020101),QLD,-25.9088,139.3667,Dry (B)
A0030501,0,Cooper Creek at Cullyamurra Water Hole (A0030501),SA,-27.7013,140.8433,Dry (B)
A2390519,0.153,Mosquito Creek at Struan (A2390519),SA,-37.0938,140.776,Temperate (C)
A2390523,0.406,Stony Creek at Woakwine Range (A2390523),SA,-37.7034,140.3622,Temperate (C)
A2390531,0,Morambro Creek at Bordertown-Naracoorte Road Bridge (A2390531),SA,-36.689167,140.661111,Temperate (C)
A4260533,0.228,Bremer River at near Hartley (A4260533),SA,-35.2087,139.0063,Dry (B)
A5030502,0.529,Scott Creek at Scott Bottom (A5030502),SA,-35.099167,138.673889,Temperate (C)
A5040517,0.215,First Creek at Waterfall Gully (A5040517),SA,-34.970278,138.681111,Temperate (C)
A5040523,0.15,Sixth Creek at Castambul (A5040523),SA,-34.873056,138.754444,Temperate (C)
A5050517,0.309,North Para River at Penrice (A5050517),SA,-34.463333,139.058333,Dry (B)
A5060500,0.054,Wakefield River at Near Rhynie (A5060500),SA,-34.13,138.63,Dry (B)
A5070500,0.08600000000000001,Hill River at near Andrews (A5070500),SA,-33.61,138.63,Dry (B)
A5070503,0,Broughton River at Mooroola (A5070503),SA,-33.5331,138.5181,Dry (B)
A5090503,0,Kanyaka Creek at Old Kanyaka Ruins (A5090503),SA,-32.09,138.29,Dry (B)
A5130501,0.34,Rocky River upstream Gorge Falls (A5130501),SA,-35.955,136.697778,Temperate (C)
G0010005,0.068,Ranken River at Soudan Homestead (G0010005),NT,-20.045278,137.020833,Dry (B)
G0050115,0,Hugh River at South Road Crossing (G0050115),NT,-24.351667,133.433333,Dry (B)
G0060005,0,Trephina Creek at Trephina Gorge (G0060005),NT,-23.533611,134.380556,Dry (B)
G8110004,0.289,East Baines River at VIC Highway (G8110004),NT,-15.766944,130.033611,Dry (B)
G8110016,0,Upper VIC River at Wave Hill Police Station (G8110016),NT,-17.448611,130.839444,Dry (B)
G8140001,0.676,Katherine River at Railway Bridge (G8140001),NT,-14.463333,132.256944,Tropical (A)
G8140008,0.558,Fergusson River at Old Railway Br (G8140008),NT,-14.0712,131.9762,Tropical (A)
G8140011,0.034,Dry River at Manbulloo Boundary (G8140011),NT,-15.0841,132.4109,Tropical (A)
G8140040,0.361,Daly River at Mount Nancar (G8140040),NT,-13.8308,130.7358,Tropical (A)
G8140063,0.328,Douglas River at D/S Old Douglas H/S (G8140063),NT,-13.798,131.3396,Tropical (A)
G8140067,0.386,Daly River at U/S Dorisvale Crossing (G8140067),NT,-14.3633,131.5737,Tropical (A)
G8140161,0.519,Green Ant Creek at Tipperary (G8140161),NT,-13.737778,131.102778,Tropical (A)
G8150010,0.586,Finniss River at Batchelor Damsite (G8150010),NT,-13.025,130.9512,Tropical (A)
G8150018,0,Elizabeth River at Stuart Highway (G8150018),NT,-12.605556,131.073611,Tropical (A)
G8150098,0.726,BlaCreekmore River at Tumbling Waters (G8150098),NT,-12.7813,130.9413,Tropical (A)
G8150180,0.674,Finniss River at Gitchams (G8150180),NT,-12.9696,130.7621,Tropical (A)
G8170002,0.5680000000000001,Adelaide River at Railway Bridge (G8170002),NT,-13.240556,131.108333,Tropical (A)
G8190001,0.918,West Alligator River at Upstream Arnhem Highway (G8190001),NT,-12.791667,132.174444,Tropical (A)
G8200045,0.542,South Alligator River at El Sherana  (G8200045),NT,-13.524444,132.519722,Tropical (A)
G8210010,1.052,East Alligator River at 12 Deg 43 Minutes South (G8210010),NT,-12.717222,133.3325,Tropical (A)
G9030001,0,Elsey Creek at Warloch Ponds (G9030001),NT,-15.0854,133.1229,Dry (B)
G9030124,0.16,Daly Waters Creek at Daly Waters (G9030124),NT,-16.259722,133.373611,Dry (B)
G9030250,0.486,Ropa River at Red Rock  (G9030250),NT,-14.6953,134.4197,Dry (B)
G9070142,0.362,McArthur River Upstream of Bailey's Grave (G9070142),NT,-16.778056,135.760556,Dry (B)
